{"textual": {"lines_of_code": 27344, "documentation_percentage": 26.033394613649715}, "rich": {"lines_of_code": 10965, "documentation_percentage": 18.300383593980524}, "pandas": {"lines_of_code": 327097, "documentation_percentage": 17.95665846205352}, "torch": {"lines_of_code": 726475, "documentation_percentage": 18.852177442032875}, "pydantic": {"lines_of_code": 21116, "documentation_percentage": 21.18101139526335}, "dotted": {"lines_of_code": 473, "documentation_percentage": 11.421628189550425}, "tsv": {"lines_of_code": 146, "documentation_percentage": 31.561461794019934}, "theflow": {"lines_of_code": 2734, "documentation_percentage": 22.710319104848736}, "emoji": {"lines_of_code": 287, "documentation_percentage": 24.029574861367838}, "bidict": {"lines_of_code": 111, "documentation_percentage": 41.0828025477707}, "numpy": {"lines_of_code": 163415, "documentation_percentage": 26.17154060696435}, "polars": {"lines_of_code": 9064, "documentation_percentage": 24.08994226678821}, "sqlalchemy": {"lines_of_code": 107258, "documentation_percentage": 31.026870331140596}, "scipy": {"lines_of_code": 222189, "documentation_percentage": 35.3681661520327}, "dateutil": {"lines_of_code": 4235, "documentation_percentage": 29.259356189479195}, "fastapi": {"lines_of_code": 4807, "documentation_percentage": 3.668181053340064}}